{
  "msg1": {
    "bloco1": [
      "Boa",
      "Boaa",
      "Boaaa",
      "Beleza",
      "Belezaa",
      "Belezaaa",
      "Isso aí"
    ],
    "bloco2": [
      "não entra na conta em nenhum outro aparelho entendeu?"
    ],
    "bloco3": [
      "só por esse que vc acessou agora"
    ]
  },
  "msg2": {
    "bloco1": [
      "E não saca ainda"
    ],
    "bloco2": [
      "porque agora vamos trocar os dados da conta pra você poder sacar o dinheiro"
    ]
  },
  "msg3": {
    "bloco1": [
      "Vai no menuzinho aí em baixo na tela e clica no botão escrito 'CONTA'"
    ],
    "bloco2": [
      "olha esse print aqui pra ver melhor"
    ]
  },
  "msg4": {
    "type": "image",
    "images": [
      "https://images2.imgbox.com/b7/6a/tgmALzh8_o.jpg"
    ],
    "caption": [
      "Print mostrando como acessar a 'Conta'"
    ]
  },
  "msg5": {
    "bloco1": [
      "Depois que entrar nessa parte da 'Conta'"
    ],
    "bloco2": [
      "você clica em 'MINHA CONTA'"
    ]
  },
  "msg6": {
    "type": "image",
    "images": [
      "https://images2.imgbox.com/05/dc/D4PI90IC_o.jpg"
    ],
    "caption": [
      "Print mostrando como acessar a 'Minha Conta'"
    ]
  },
  "msg7": {
    "bloco1": [
      "Vai aparecer os dados da conta"
    ],
    "bloco2": [
      "e aí você só precisa alterar esses dados:"
    ]
  },
  "msg8": {
    "bloco1": [
      "Nome"
    ],
    "bloco2": [
      "Sobrenome"
    ],
    "bloco3": [
      "Gênero"
    ],
    "bloco4": [
      "Data de nascimento"
    ],
    "bloco5": [
      "E-mail"
    ]
  },
  "msg9": {
    "bloco1": [
      "Só altera esses 5 dados aí"
    ],
    "bloco2": [
      "não precisa alterar o ID nem o número de telefone"
    ]
  },
  "msg10": {
    "bloco1": [
      "E presta muita atenção nessa parte"
    ],
    "bloco2": [
      "porque esses dados precisam ser os mesmos de quem vai receber o dinheiro que vamos sacar"
    ]
  },
  "msg11": {
    "bloco1": [
      "Assim que fizer isso me manda um \"PRONTO\" pra me ajudar"
    ],
    "bloco2": [
      "pq to fazendo mais dois outros trampos agora também"
    ]
  }
}