{
  "msg1": {
    "g1": [
      "Boaaa,",
      "Boraa,",
      "Fechou então,"
    ],
    "g2": [
      "esse é o numero que uso aqui pros trampo,",
      "esse meu número é o que uso aqui nos trampos,",
      "to usando esse número aqui pros trampo,"
    ],
    "g3": [
      "pode salvar como \"Ryan\"",
      "deixa salvo aí como \"Ryan\"",
      "salva como \"Ryan\""
    ]
  },
  "msg2": {
    "g1": [
      "Vou fazer esse trampo com vc e mais outros 2 que me chamaram agora",
      "Vou fazer esse trampo com você e mais 2 que me chamaram agora",
      "Vou fazer esse trampo com vc e mais dois que me chamaram agora"
    ]
  },
  "msg3": {
    "g1": [
      "Então pra me ajudar vai respondendo só o que eu perguntar e vai fazendo só o que eu pedir,",
      "Então pra me ajudar responde só o que eu perguntar e faz só o que eu pedir,",
      "Então pra me ajudar responde só o que eu perguntar e vai fazendo só o que eu pedir,"
    ],
    "g2": [
      "beleza?",
      "pode ser?",
      "certo?"
    ]
  }
}
