{
  "version": 1,
  "msg1": {
    "template": "{msg1b1}, {msg1b2}. {msg1b3}",
    "msg1b1": [
      "tranquilo",
      "suave",
      "de boa",
      "de boa então",
      "certo",
      "beleza",
      "blz",
      "ok",
      "fechou",
      "fecho",
      "dmr",
      "ok então",
      "beleza então",
      "suave então",
      "certo então",
      "tranquilo então"
    ],
    "msg1b2": [
      "não vou mais te mandar mensagem",
      "n vou mais mandar mensagem",
      "não te mando mais msg",
      "não vou te mandar mais mensagem",
      "não vou te mandar mais msg",
      "não vou te mandar msg",
      "não mando mais mensagem",
      "não mando mais msg",
      "n vou mais te mandar msg",
      "n vou te mandar mais msg",
      "n te mando mais mensagem",
      "n te mando mais msg",
      "não te mando mais nada",
      "não vou mandar mais nada",
      "não vou mandar mais mensagem",
      "não vou mandar mais msg",
      "não vou mais mandar msg",
      "não vou mais te mandar msg",
      "não vou mais te mandar nada",
      "n vou mandar mais mensagem",
      "n vou mandar mais msg",
      "n mando mais mensagem",
      "n mando mais msg",
      "n vou mais te mandar mensagem",
      "n vou te mandar mais mensagem",
      "não te mando mais mensagem",
      "não te mando mais nenhuma mensagem"
    ],
    "msg1b3": [
      "qualquer coisa só chamar",
      "se mudar de ideia me chama",
      "qualquer coisa chama aí depois",
      "se ainda for querer só chamar",
      "qualquer coisa me chama",
      "qualquer coisa é só chamar",
      "qualquer coisa só me chamar",
      "qualquer coisa chama aqui",
      "qualquer coisa só chamar aqui",
      "qualquer coisa pode chamar",
      "qualquer coisa dá um toque",
      "qualquer coisa me dá um toque",
      "qualquer dúvida me chama",
      "qualquer dúvida é só chamar",
      "se precisar me chama",
      "se precisar é só chamar",
      "se precisar chama aqui",
      "se quiser me chama",
      "se for querer me chama",
      "se ainda quiser me chama",
      "se mudar de ideia é só chamar",
      "se mudar de ideia chama aqui",
      "se resolver fazer me chama",
      "se decidir fazer me chama",
      "qualquer coisa chama aí",
      "qualquer coisa me chama depois",
      "se preferir chama depois",
      "se quiser depois me chama",
      "qualquer coisa só chamar depois",
      "qualquer coisa me chama por aqui",
      "qualquer coisa dá um toque depois"
    ]
  },
  "msg2": {
    "template": "{msg2b1}, {msg2b2} {msg2b3}. {msg2b4}, {msg2b5}",
    "msg2b1": [
      "vou fazer o seguinte então",
      "vamos fazer o seguinte então",
      "fazer o seguinte então",
      "então vou fazer o seguinte",
      "então vamos fazer o seguinte",
      "então faz o seguinte",
      "vamos fazer assim então",
      "vou fazer assim então",
      "então a gente faz assim",
      "vamos deixar assim então",
      "vamos fechar assim então",
      "vamos combinar assim então",
      "então vamos fazer desse jeito",
      "vamos fazer desse jeito então",
      "vou fazer desse jeito então",
      "então é o seguinte",
      "então vamos deixar desse jeito",
      "vamos deixar desse jeito então",
      "então fica assim",
      "então fica desse jeito",
      "fica desse jeito então",
      "então fica combinado assim",
      "então vou deixar assim",
      "vou deixar assim então",
      "vamos combinar desse jeito então",
      "então combinamos desse jeito"
    ],
    "msg2b2": [
      "vou passar o trampo pra outra pessoa",
      "vou passar esse trampo pra outra pessoa",
      "vou repassar o trampo pra outra pessoa",
      "vou repassar esse trampo pra outra pessoa",
      "vou passar pra outra pessoa",
      "vou passar esse pra outra pessoa",
      "vou passar esse aqui pra outra pessoa",
      "vou passar esse trampo adiante",
      "vou repassar pra outra pessoa",
      "vou repassar esse pra outra pessoa",
      "vou deixar esse trampo com outra pessoa",
      "vou deixar com outra pessoa",
      "vou colocar outra pessoa nesse trampo",
      "vou colocar outra pessoa pra fazer",
      "vou passar pra outra pessoa então",
      "vou passar pra outra pessoa agora",
      "vou passar esse job pra outra pessoa",
      "vou passar esse esquema pra outra pessoa",
      "vou repassar esse esquema pra outra pessoa",
      "vou deixar esse esquema com outra pessoa",
      "vou passar essa conta pra outra pessoa",
      "vou repassar essa conta pra outra pessoa",
      "vou deixar essa conta com outra pessoa",
      "vou passar essa responsa pra outra pessoa",
      "vou repassar essa responsa pra outra pessoa",
      "vou deixar essa responsa com outra pessoa",
      "vou colocar outra pessoa nesse esquema",
      "vou colocar outra pessoa nessa responsa"
    ],
    "msg2b3": [
      "e não te chamo mais",
      "e n te chamo mais",
      "e não vou te chamar de novo",
      "e não te mando msg mais",
      "e não vou te chamar mais",
      "e n vou te chamar mais",
      "e n vou te chamar de novo",
      "e não te chamo de novo",
      "e não te procuro mais",
      "e n te procuro mais",
      "e não te incomodo mais",
      "e n te incomodo mais",
      "e não insisto mais",
      "e n insisto mais",
      "e não te mando mais mensagem",
      "e n te mando mais mensagem",
      "e não te mando mais msg",
      "e n te mando mais msg",
      "e não mando mais msg pra você",
      "e n mando mais msg pra você",
      "e não te mando mais nada",
      "e n te mando mais nada",
      "e não volto a te chamar",
      "e n volto a te chamar"
    ],
    "msg2b4": [
      "não me manda mais mensagem também",
      "n precisa me mandar mais msg também",
      "não manda mais msg pra mim tb",
      "não me manda mais msg também",
      "não me manda mais nada também",
      "não precisa me mandar msg também",
      "não precisa me mandar nada também",
      "não precisa me chamar mais também",
      "não me chama mais também",
      "n me chama mais tb",
      "n me manda mais msg tb",
      "n me manda mais nada tb",
      "n precisa me mandar mais msg tb",
      "não manda mais mensagem pra mim também",
      "não manda mais msg pra mim também",
      "não manda mais msg p mim também",
      "não manda mais nada pra mim também",
      "não precisa responder também",
      "não responde mais também",
      "não precisa me responder também",
      "não me chama mais por aqui também",
      "não precisa me chamar por aqui também",
      "n me envia mais msg tb",
      "não precisa me enviar msg também",
      "não precisa me enviar mais msg também",
      "n precisa me enviar mais msg tb",
      "não precisa me mandar mais nada também",
      "n precisa me mandar mais nada tb",
      "não precisa me enviar mais nada também",
      "não me envia mais nada também",
      "não manda mais nada pra mim tb",
      "não precisa me procurar mais também",
      "não me procura mais também",
      "n me procura mais tb",
      "não me chama mais aqui também",
      "não manda mais msg aqui também",
      "não precisa me mandar msg de novo também",
      "não me manda msg de novo também",
      "n me manda msg de novo tb"
    ],
    "msg2b5": [
      "e desculpa qualquer coisa",
      "e desculpa por qualquer coisa aí",
      "e desculpa qualquer coisa aí",
      "e desculpa por qualquer coisa",
      "e foi mal por qualquer coisa",
      "e foi mal qualquer coisa",
      "e foi mal qualquer coisa aí",
      "e foi mal aí por qualquer coisa",
      "e me desculpa por qualquer coisa",
      "e me desculpa qualquer coisa",
      "e desculpa qualquer coisa tá",
      "e desculpa qualquer coisa beleza",
      "e desculpa qualquer coisa dmr",
      "e me desculpa qualquer coisa aí",
      "e desculpa por qualquer coisa beleza",
      "e desculpa por qualquer coisa dmr",
      "e me desculpa por qualquer coisa aí",
      "e me desculpa por qualquer coisa blz",
      "e me desculpa por qualquer coisa beleza",
      "e me desculpa por qualquer coisa dmr",
      "e me desculpa qualquer coisa beleza",
      "e me desculpa qualquer coisa dmr",
      "e foi mal qualquer coisa beleza",
      "e foi mal qualquer coisa dmr",
      "e foi mal aí qualquer coisa"
    ]
  }
}
