{
    "msg1": {
        "m1b1": [
            "Boa",
            "Boaa",
            "Certo",
            "Isso aí"
        ],
        "m1b2": [
            "agora vamos fazer o saque do dinheiro pra sua conta"
        ]
    },
    "msg2": {
        "m2b1": [
            "Depois que alterar e salvar os dados"
        ],
        "m2b2": [
            "você vai ir no menu e clicar em 'MPAY' pra voltar pra tela inicial"
        ]
    },
    "msg3": {
        "type": "image",
        "images": [
            "https://images2.imgbox.com/3b/2d/2norYyjJ_o.jpg"
        ],
        "caption": [
            "Print mostrando como acessar a Home"
        ]
    },
    "msg4": {
        "m4b1": [
            "Depois que voltar pra tela inicial"
        ],
        "m4b2": [
            "você vai clicar em 'SACAR'"
        ]
    },
    "msg5": {
        "type": "image",
        "images": [
            "https://images2.imgbox.com/cb/5d/0uLZ6VBu_o.jpg"
        ],
        "caption": [
            "Print mostrando como acessar a tela 'Sacar'"
        ]
    },
    "msg6": {
        "m6b1": [
            "Essa conta tá com o saldo bem alto",
            "Essa conta tá com um saldo muito alto",
            "Essa conta aí tá com um saldo muito bom"
        ],
        "m6b2": [
            "mas presta atenção",
            "mas é o seguinte",
            "mas muita atenção agora",
            "mas mta atenção agora",
            "mas muita atenção agr"
        ],
        "m6b3": [
            "hoje a gente só vai sacar 5000 dela",
            "hoje você vai sacar só 5000 dela",
            "agora você vai sacar só 5000 dela"
        ],
        "m6b4": [
            "não saca mais que isso",
            "não saca mais do que isso",
            "não pode sacar mais que isso"
        ],
        "m6b5": [
            "a plataforma vai ficar com uns 5% do valor",
            "a plataforma fica com uns 5% do valor",
            "a plataforma fica com 5% do valor",
            "a plataforma fica com mais ou menos 5% do valor",
            "a plataforma pega uns 5% do valor"
        ],
        "m6b6": [
            "mas não tem problema",
            "mas n tem problema nenhum",
            "mas relaxa q não tem problema"
        ]
    },
    "msg7": {
        "m7b1": [
            "Quando você for sacar vai pedir um código",
            "Quando você for sacar vai pedir uma senha",
            "Quando você for sacar vai precisar de um código",
            "Quando você for sacar vai precisar de uma senha",
            "Quando você for sacar a plataforma vai pedir um código",
            "Quando você for sacar a plataforma vai pedir a senha"
        ],
        "m7b2": [
            "tenta todos esses 3",
            "tenta com todos esses 3",
            "tenta esses três",
            "vai ser um desses",
            "vai ser um desses 3",
            "é um desses 3"
        ]
    },
    "msg8": {
        "m8b1": [
            "Saca aí e me avisa certo?",
            "Saca aí e me avisa beleza?",
            "Saca e me avisa pode ser?"
        ],
        "m8b2": [
            "to confiando na sua palavra",
            "tô confiando em você",
            "to na confiança em vc",
            "vou confiar em você",
            "vou confiar em você hein",
            "tô confiando em vc"
        ],
        "m8b3": [
            "fazendo certinho eu te passo outros trampos",
            "se fizer certinho eu te passo outros",
            "fazendo certo eu te passo mais trampo",
            "se fizer certo eu te passo mais trampo"
        ],
        "m8b4": [
            "se aparecer qualquer erro aí",
            "se der qualquer BO aí",
            "e se acontecer qualquer problema",
            "se aparecer algum erro aí",
            "se der algum problema aí",
            "caso dê erro aí",
            "caso dê problema aí",
            "e se aparecer problema aí",
            "se tiver qualquer erro aí"
        ],
        "m8b5": [
            "me manda um PRINT da tela pra eu te ajudar",
            "manda PRINT da tela pra eu te ajudar",
            "tira um PRINT e me manda",
            "manda um PRINT que eu te ajudo",
            "tira um PRINT da tela e me manda"
        ],
        "m8b6": [
            "vou esperar vc aqui",
            "to esperando vc aqui",
            "vou ficar esperando vc",
            "vou ficar no aguardo aqui",
            "vou ficar no aguardo aq",
            "vou ficar te esperando",
            "vou ficar te esperando aqui",
            "vou te esperar aqui"
        ]
    },
    "msgprint": [
        "o que aconteceu aí? me manda um PRINT ou uma foto da tela",
        "oq aconteceu aí? me manda um PRINT ou uma foto da tela",
        "o que deu aí? me manda um PRINT ou uma foto da tela",
        "oq deu aí? me manda um PRINT ou uma foto da tela",
        "o que aconteceu aí? manda um PRINT ou foto da tela",
        "oq aconteceu aí? manda um PRINT ou foto da tela",
        "o que deu aí? manda um PRINT ou foto da tela",
        "oq deu aí? manda um PRINT ou foto da tela",
        "o que apareceu aí? me manda um PRINT ou foto da tela",
        "o que apareceu na tela? me manda um PRINT",
        "o que apareceu aí na tela? manda um PRINT",
        "qual erro deu aí? me manda um PRINT",
        "qual erro apareceu aí? manda um PRINT",
        "deu erro aí? me manda um PRINT",
        "apareceu alguma mensagem? me manda um PRINT",
        "o que deu aí? envia um PRINT ou foto da tela",
        "o que aconteceu aí? envia um PRINT",
        "o que aconteceu aí? tira um PRINT e me manda",
        "o que deu aí? me manda um PRINT da tela",
        "oq deu aí? me manda um PRINT da tela",
        "o que aconteceu aí? manda um PRINT da tela",
        "oq aconteceu aí? manda um PRINT da tela",
        "o que apareceu na tela? manda um PRINT ou foto"
    ]
}